<?xml version="1.0" encoding="ISO-8859-1"?>
<ns1:PROMPTERDATA xmlns:ns1="http://appdev.cincom.com/MantisServer" ns1:NAME="WEBPROGEXAMPLES-CH_15_WEB_POPUP">
  <PROMPTER NAME="WEBPROGEXAMPLES-CH_15_WEB_POPUP">
    <HEADER>Web Popup Example</HEADER>
    <CHAINTO></CHAINTO>
    <!-- Edit the Prompter contents here -->
    <LINE>This is an example of a web popup.</LINE>
  </PROMPTER>
<!--MANTIS_PROPERTY: NAME=CH_15_WEB_POPUP-->
<!--MANTIS_PROPERTY: PASSWORD=-->
<!--MANTIS_PROPERTY: DATETIMESTAMP=20150209165035-->
<!--MANTIS_PROPERTY: COUNT=-->
<!--MANTIS_PROPERTY: DESCRIPTION=Chapter 15 Web Popup Screen-->
</ns1:PROMPTERDATA>
