<?xml version="1.0" encoding="UTF-8"?>
<!DOCTYPE xml>
<project name="lesscss" default="less" basedir="../../../">
<property name="css.dir" location="WebContent/css"/>
<property name="tool.less" location="WebContent/js/less-rhino-1.5.1.js"/>
<property name="tool.rhino" location="WebContent/WEB-INF/lib/js.jar"/>

  <target name="less" description="Convert LESS to CSS then concatenate and Minify any stylesheets">

      <echo message="Converting LESS files to CSS files in WebContent css..."/>
      <apply dir="${css.dir}" executable="java" parallel="false" failonerror="true">
  	<!-- Give the input bundle of less files-->
          <fileset dir="${css.dir}">
              <include name="*.less"/>
          </fileset>
          <arg value="-jar" />
          <arg path="${tool.rhino}" />
          <arg path="${tool.less}" />
          <srcfile/>
  	<!-- Output the compiled css file with corresponding name -->
          <mapper type="glob" from="*.less" to="${css.dir}/*.css"/>
          <targetfile/>
      </apply>

  </target>

</project>